{"cameraMode":{"drawMode":0,"name":"Shaded","section":"Shading Mode"},"sceneLighting":true,"audioPlay":false,"sceneViewState":{"m_AlwaysRefresh":false,"showFog":true,"showSkybox":true,"showFlares":true,"showImageEffects":true,"showParticleSystems":true,"showVisualEffectGraphs":true,"m_FxEnabled":true},"in2DMode":false,"pivot":{"x":-104.35589599609375,"y":328.0240783691406,"z":171.51356506347657},"rotation":{"x":0.31516149640083315,"y":0.6414476037025452,"z":-0.32687461376190188,"w":0.6183955669403076},"size":83.94007110595703,"orthographic":false}