{"cameraMode":{"drawMode":0,"name":"Shaded","section":"Shading Mode"},"sceneLighting":true,"audioPlay":false,"sceneViewState":{"m_AlwaysRefresh":false,"showFog":true,"showSkybox":true,"showFlares":true,"showImageEffects":true,"showParticleSystems":true,"showVisualEffectGraphs":true,"m_FxEnabled":true},"in2DMode":false,"pivot":{"x":-23.908954620361329,"y":-45.83296585083008,"z":392.26824951171877},"rotation":{"x":0.009267343208193779,"y":0.9552218914031982,"z":-0.2942389249801636,"w":0.030086366459727289},"size":43.3701057434082,"orthographic":false}