{"cameraMode":{"drawMode":0,"name":"Shaded","section":"Shading Mode"},"sceneLighting":true,"audioPlay":false,"sceneViewState":{"m_AlwaysRefresh":false,"showFog":true,"showSkybox":true,"showFlares":true,"showImageEffects":true,"showParticleSystems":true,"showVisualEffectGraphs":true,"m_FxEnabled":true},"in2DMode":false,"pivot":{"x":198.9062957763672,"y":569.7835693359375,"z":451.9187316894531},"rotation":{"x":0.057278238236904147,"y":-0.0026847952976822855,"z":0.0001537486823508516,"w":0.9983593225479126},"size":337.77642822265627,"orthographic":false}