{"cameraMode":{"drawMode":0,"name":"Shaded","section":"Shading Mode"},"sceneLighting":true,"audioPlay":false,"sceneViewState":{"m_AlwaysRefresh":false,"showFog":true,"showSkybox":true,"showFlares":true,"showImageEffects":true,"showParticleSystems":true,"showVisualEffectGraphs":true,"m_FxEnabled":true},"in2DMode":false,"pivot":{"x":-60.465492248535159,"y":-58.347747802734378,"z":203.86521911621095},"rotation":{"x":-0.416873961687088,"y":0.07024478912353516,"z":-0.03233427554368973,"w":-0.9056271910667419},"size":108.95492553710938,"orthographic":false}