{"cameraMode":{"drawMode":0,"name":"Shaded","section":"Shading Mode"},"sceneLighting":true,"audioPlay":false,"sceneViewState":{"m_AlwaysRefresh":false,"showFog":true,"showSkybox":true,"showFlares":true,"showImageEffects":true,"showParticleSystems":true,"showVisualEffectGraphs":true,"m_FxEnabled":true},"in2DMode":false,"pivot":{"x":-34.99270248413086,"y":3.2927703857421877,"z":3.3221275806427},"rotation":{"x":-0.2320706993341446,"y":0.032511647790670398,"z":-0.0075058117508888248,"w":-0.9722258448600769},"size":0.8660253882408142,"orthographic":false}