{"cameraMode":{"drawMode":0,"name":"Shaded","section":"Shading Mode"},"sceneLighting":true,"audioPlay":false,"sceneViewState":{"m_AlwaysRefresh":false,"showFog":true,"showSkybox":true,"showFlares":true,"showImageEffects":true,"showParticleSystems":true,"showVisualEffectGraphs":true,"m_FxEnabled":true},"in2DMode":false,"pivot":{"x":-21.774076461791993,"y":8.573859214782715,"z":444.3538818359375},"rotation":{"x":0.028655556961894037,"y":0.9625322222709656,"z":-0.11254575848579407,"w":0.24505288898944856},"size":14.26958179473877,"orthographic":false}