{"cameraMode":{"drawMode":0,"name":"Shaded","section":"Shading Mode"},"sceneLighting":true,"audioPlay":false,"sceneViewState":{"m_AlwaysRefresh":false,"showFog":true,"showSkybox":true,"showFlares":true,"showImageEffects":true,"showParticleSystems":true,"showVisualEffectGraphs":true,"m_FxEnabled":true},"in2DMode":false,"pivot":{"x":-33.97181701660156,"y":0.13300001621246339,"z":456.6416320800781},"rotation":{"x":0.005233139265328646,"y":-0.9810926914215088,"z":0.19163449108600617,"w":0.026786740869283677},"size":3.7598659992218019,"orthographic":false}