{"cameraMode":{"drawMode":0,"name":"Shaded","section":"Shading Mode"},"sceneLighting":true,"audioPlay":false,"sceneViewState":{"m_AlwaysRefresh":false,"showFog":true,"showSkybox":true,"showFlares":true,"showImageEffects":true,"showParticleSystems":true,"showVisualEffectGraphs":true,"m_FxEnabled":true},"in2DMode":false,"pivot":{"x":-3.1579504013061525,"y":-3.9535083770751955,"z":7.320018768310547},"rotation":{"x":0.09511588513851166,"y":0.8990039229393005,"z":-0.35116127133369448,"w":0.24433530867099763},"size":15.138758659362793,"orthographic":false}